signup_id,trail_id,volunteer,start,end,role,decision,reason
SIGN-013,TR-AL,Mira Chen,07:00,08:00,lead,assigned,assigned
SIGN-015,TR-AL,Mira Chen,07:00,08:00,lead,not-assigned,trail-role-filled
SIGN-012,TR-BR,Nora Vale,08:00,09:00,sweep,assigned,assigned
SIGN-001,TR-AL,Mira Chen,08:00,10:00,lead,not-assigned,trail-role-filled
SIGN-004,TR-BR,Mira Chen,09:00,10:30,lead,assigned,assigned
SIGN-002,TR-AL,Jon Bell,09:30,11:00,lead,not-assigned,trail-role-filled
SIGN-003,TR-AL,Mira Chen,10:00,12:00,sweep,not-assigned,volunteer-overlap
SIGN-010,TR-BR,Tessa Ray,10:30,11:00,lead,not-assigned,trail-role-filled
SIGN-005,TR-BR,Tessa Ray,11:00,12:30,sweep,not-assigned,trail-role-filled
SIGN-007,TR-DK,Jon Bell,12:00,13:00,lead,assigned,assigned
SIGN-011,TR-BR,Tessa Ray,13:00,14:00,lead,not-assigned,trail-role-filled
